timestamp,predicted_label
2025-01-01 12:00:00,normal
2025-01-01 12:00:01,normal
2025-01-01 12:00:02,normal
2025-01-01 12:00:03,normal
2025-01-01 12:00:04,normal
2025-01-01 12:00:05,normal
2025-01-01 12:00:06,normal
2025-01-01 12:00:07,normal
2025-01-01 12:00:08,normal
2025-01-01 12:00:09,normal
2025-01-01 12:00:10,normal
2025-01-01 12:00:11,normal
2025-01-01 12:00:12,normal
2025-01-01 12:00:13,normal
2025-01-01 12:00:14,normal
2025-01-01 12:00:15,normal
2025-01-01 12:00:16,normal
2025-01-01 12:00:17,normal
2025-01-01 12:00:18,normal
2025-01-01 12:00:19,normal
2025-01-01 12:00:20,normal
2025-01-01 12:00:21,normal
2025-01-01 12:00:22,normal
2025-01-01 12:00:23,normal
2025-01-01 12:00:24,normal
2025-01-01 12:00:25,normal
2025-01-01 12:00:26,normal
2025-01-01 12:00:27,normal
2025-01-01 12:00:28,normal
2025-01-01 12:00:29,normal
2025-01-01 12:00:30,normal
2025-01-01 12:00:31,normal
2025-01-01 12:00:32,normal
2025-01-01 12:00:33,normal
2025-01-01 12:00:34,normal
2025-01-01 12:00:35,normal
2025-01-01 12:00:36,normal
2025-01-01 12:00:37,normal
2025-01-01 12:00:38,normal
2025-01-01 12:00:39,normal
2025-01-01 12:00:40,normal
2025-01-01 12:00:41,normal
2025-01-01 12:00:42,normal
2025-01-01 12:00:43,normal
2025-01-01 12:00:44,normal
2025-01-01 12:00:45,normal
2025-01-01 12:00:46,normal
2025-01-01 12:00:47,normal
2025-01-01 12:00:48,normal
2025-01-01 12:00:49,normal
2025-01-01 12:00:50,normal
2025-01-01 12:00:51,normal
2025-01-01 12:00:52,normal
2025-01-01 12:00:53,normal
2025-01-01 12:00:54,normal
2025-01-01 12:00:55,normal
2025-01-01 12:00:56,normal
2025-01-01 12:00:57,normal
2025-01-01 12:00:58,normal
2025-01-01 12:00:59,normal
2025-01-01 12:01:00,normal
2025-01-01 12:01:01,normal
2025-01-01 12:01:02,normal
2025-01-01 12:01:03,normal
2025-01-01 12:01:04,normal
2025-01-01 12:01:05,normal
2025-01-01 12:01:06,normal
2025-01-01 12:01:07,normal
2025-01-01 12:01:08,normal
2025-01-01 12:01:09,normal
2025-01-01 12:01:10,normal
2025-01-01 12:01:11,normal
2025-01-01 12:01:12,normal
2025-01-01 12:01:13,normal
2025-01-01 12:01:14,normal
2025-01-01 12:01:15,normal
2025-01-01 12:01:16,normal
2025-01-01 12:01:17,normal
2025-01-01 12:01:18,normal
2025-01-01 12:01:19,normal
2025-01-01 12:01:20,normal
2025-01-01 12:01:21,normal
2025-01-01 12:01:22,normal
2025-01-01 12:01:23,normal
2025-01-01 12:01:24,normal
2025-01-01 12:01:25,normal
2025-01-01 12:01:26,normal
2025-01-01 12:01:27,normal
2025-01-01 12:01:28,normal
2025-01-01 12:01:29,normal
2025-01-01 12:01:30,normal
2025-01-01 12:01:31,normal
2025-01-01 12:01:32,normal
2025-01-01 12:01:33,normal
2025-01-01 12:01:34,normal
2025-01-01 12:01:35,normal
2025-01-01 12:01:36,normal
2025-01-01 12:01:37,normal
2025-01-01 12:01:38,normal
2025-01-01 12:01:39,normal
2025-01-01 12:01:40,normal
2025-01-01 12:01:41,normal
2025-01-01 12:01:42,normal
2025-01-01 12:01:43,normal
2025-01-01 12:01:44,normal
2025-01-01 12:01:45,normal
2025-01-01 12:01:46,normal
2025-01-01 12:01:47,normal
2025-01-01 12:01:48,normal
2025-01-01 12:01:49,normal
2025-01-01 12:01:50,normal
2025-01-01 12:01:51,normal
2025-01-01 12:01:52,normal
2025-01-01 12:01:53,normal
2025-01-01 12:01:54,normal
2025-01-01 12:01:55,normal
2025-01-01 12:01:56,normal
2025-01-01 12:01:57,normal
2025-01-01 12:01:58,normal
2025-01-01 12:01:59,normal
2025-01-01 12:02:00,normal
2025-01-01 12:02:01,normal
2025-01-01 12:02:02,normal
2025-01-01 12:02:03,normal
2025-01-01 12:02:04,normal
2025-01-01 12:02:05,normal
2025-01-01 12:02:06,normal
2025-01-01 12:02:07,normal
2025-01-01 12:02:08,normal
2025-01-01 12:02:09,normal
2025-01-01 12:02:10,normal
2025-01-01 12:02:11,normal
2025-01-01 12:02:12,normal
2025-01-01 12:02:13,normal
2025-01-01 12:02:14,normal
2025-01-01 12:02:15,normal
2025-01-01 12:02:16,normal
2025-01-01 12:02:17,normal
2025-01-01 12:02:18,normal
2025-01-01 12:02:19,normal
2025-01-01 12:02:20,normal
2025-01-01 12:02:21,normal
2025-01-01 12:02:22,normal
2025-01-01 12:02:23,normal
2025-01-01 12:02:24,normal
2025-01-01 12:02:25,normal
2025-01-01 12:02:26,normal
2025-01-01 12:02:27,normal
2025-01-01 12:02:28,normal
2025-01-01 12:02:29,normal
2025-01-01 12:02:30,normal
2025-01-01 12:02:31,normal
2025-01-01 12:02:32,normal
2025-01-01 12:02:33,normal
2025-01-01 12:02:34,normal
2025-01-01 12:02:35,normal
2025-01-01 12:02:36,normal
2025-01-01 12:02:37,normal
2025-01-01 12:02:38,normal
2025-01-01 12:02:39,normal
2025-01-01 12:02:40,normal
2025-01-01 12:02:41,normal
2025-01-01 12:02:42,normal
2025-01-01 12:02:43,normal
2025-01-01 12:02:44,normal
2025-01-01 12:02:45,normal
2025-01-01 12:02:46,normal
2025-01-01 12:02:47,normal
2025-01-01 12:02:48,normal
2025-01-01 12:02:49,normal
2025-01-01 12:02:50,normal
2025-01-01 12:02:51,normal
2025-01-01 12:02:52,normal
2025-01-01 12:02:53,normal
2025-01-01 12:02:54,normal
2025-01-01 12:02:55,normal
2025-01-01 12:02:56,normal
2025-01-01 12:02:57,normal
2025-01-01 12:02:58,normal
2025-01-01 12:02:59,normal
2025-01-01 12:03:00,normal
2025-01-01 12:03:01,normal
2025-01-01 12:03:02,normal
2025-01-01 12:03:03,normal
2025-01-01 12:03:04,normal
2025-01-01 12:03:05,normal
2025-01-01 12:03:06,normal
2025-01-01 12:03:07,normal
2025-01-01 12:03:08,normal
2025-01-01 12:03:09,normal
2025-01-01 12:03:10,normal
2025-01-01 12:03:11,normal
2025-01-01 12:03:12,normal
2025-01-01 12:03:13,normal
2025-01-01 12:03:14,normal
2025-01-01 12:03:15,normal
2025-01-01 12:03:16,normal
2025-01-01 12:03:17,normal
2025-01-01 12:03:18,normal
2025-01-01 12:03:19,normal
2025-01-01 12:03:20,normal
2025-01-01 12:03:21,normal
2025-01-01 12:03:22,normal
2025-01-01 12:03:23,normal
2025-01-01 12:03:24,normal
2025-01-01 12:03:25,normal
2025-01-01 12:03:26,normal
2025-01-01 12:03:27,normal
2025-01-01 12:03:28,normal
2025-01-01 12:03:29,normal
2025-01-01 12:03:30,normal
2025-01-01 12:03:31,normal
2025-01-01 12:03:32,normal
2025-01-01 12:03:33,normal
2025-01-01 12:03:34,normal
2025-01-01 12:03:35,normal
2025-01-01 12:03:36,normal
2025-01-01 12:03:37,normal
2025-01-01 12:03:38,normal
2025-01-01 12:03:39,normal
2025-01-01 12:03:40,normal
2025-01-01 12:03:41,normal
2025-01-01 12:03:42,normal
2025-01-01 12:03:43,normal
2025-01-01 12:03:44,normal
2025-01-01 12:03:45,normal
2025-01-01 12:03:46,normal
2025-01-01 12:03:47,normal
2025-01-01 12:03:48,normal
2025-01-01 12:03:49,normal
2025-01-01 12:03:50,normal
2025-01-01 12:03:51,normal
2025-01-01 12:03:52,normal
2025-01-01 12:03:53,normal
2025-01-01 12:03:54,normal
2025-01-01 12:03:55,normal
2025-01-01 12:03:56,normal
2025-01-01 12:03:57,normal
2025-01-01 12:03:58,normal
2025-01-01 12:03:59,normal
2025-01-01 12:04:00,normal
2025-01-01 12:04:01,normal
2025-01-01 12:04:02,normal
2025-01-01 12:04:03,normal
2025-01-01 12:04:04,normal
2025-01-01 12:04:05,normal
2025-01-01 12:04:06,normal
2025-01-01 12:04:07,normal
2025-01-01 12:04:08,normal
2025-01-01 12:04:09,normal
2025-01-01 12:04:10,normal
2025-01-01 12:04:11,normal
2025-01-01 12:04:12,normal
2025-01-01 12:04:13,normal
2025-01-01 12:04:14,normal
2025-01-01 12:04:15,normal
2025-01-01 12:04:16,normal
2025-01-01 12:04:17,normal
2025-01-01 12:04:18,normal
2025-01-01 12:04:19,normal
2025-01-01 12:04:20,normal
2025-01-01 12:04:21,normal
2025-01-01 12:04:22,normal
2025-01-01 12:04:23,normal
2025-01-01 12:04:24,normal
2025-01-01 12:04:25,normal
2025-01-01 12:04:26,normal
2025-01-01 12:04:27,normal
2025-01-01 12:04:28,normal
2025-01-01 12:04:29,normal
2025-01-01 12:04:30,normal
2025-01-01 12:04:31,normal
2025-01-01 12:04:32,normal
2025-01-01 12:04:33,normal
2025-01-01 12:04:34,normal
2025-01-01 12:04:35,normal
2025-01-01 12:04:36,normal
2025-01-01 12:04:37,normal
2025-01-01 12:04:38,normal
2025-01-01 12:04:39,normal
2025-01-01 12:04:40,normal
2025-01-01 12:04:41,normal
2025-01-01 12:04:42,normal
2025-01-01 12:04:43,normal
2025-01-01 12:04:44,normal
2025-01-01 12:04:45,normal
2025-01-01 12:04:46,normal
2025-01-01 12:04:47,normal
2025-01-01 12:04:48,normal
2025-01-01 12:04:49,normal
2025-01-01 12:04:50,normal
2025-01-01 12:04:51,normal
2025-01-01 12:04:52,normal
2025-01-01 12:04:53,normal
2025-01-01 12:04:54,normal
2025-01-01 12:04:55,normal
2025-01-01 12:04:56,normal
2025-01-01 12:04:57,normal
2025-01-01 12:04:58,normal
2025-01-01 12:04:59,normal
2025-01-01 12:05:00,normal
2025-01-01 12:05:01,normal
2025-01-01 12:05:02,normal
2025-01-01 12:05:03,normal
2025-01-01 12:05:04,normal
2025-01-01 12:05:05,normal
2025-01-01 12:05:06,normal
2025-01-01 12:05:07,normal
2025-01-01 12:05:08,normal
2025-01-01 12:05:09,normal
2025-01-01 12:05:10,normal
2025-01-01 12:05:11,normal
2025-01-01 12:05:12,normal
2025-01-01 12:05:13,normal
2025-01-01 12:05:14,normal
2025-01-01 12:05:15,normal
2025-01-01 12:05:16,normal
2025-01-01 12:05:17,normal
2025-01-01 12:05:18,normal
2025-01-01 12:05:19,normal
2025-01-01 12:05:20,normal
2025-01-01 12:05:21,normal
2025-01-01 12:05:22,normal
2025-01-01 12:05:23,normal
2025-01-01 12:05:24,normal
2025-01-01 12:05:25,normal
2025-01-01 12:05:26,normal
2025-01-01 12:05:27,normal
2025-01-01 12:05:28,normal
2025-01-01 12:05:29,normal
2025-01-01 12:05:30,normal
2025-01-01 12:05:31,normal
2025-01-01 12:05:32,normal
2025-01-01 12:05:33,normal
2025-01-01 12:05:34,normal
2025-01-01 12:05:35,normal
2025-01-01 12:05:36,normal
2025-01-01 12:05:37,normal
2025-01-01 12:05:38,normal
2025-01-01 12:05:39,normal
2025-01-01 12:05:40,normal
2025-01-01 12:05:41,normal
2025-01-01 12:05:42,normal
2025-01-01 12:05:43,normal
2025-01-01 12:05:44,normal
2025-01-01 12:05:45,normal
2025-01-01 12:05:46,normal
2025-01-01 12:05:47,normal
2025-01-01 12:05:48,normal
2025-01-01 12:05:49,normal
2025-01-01 12:05:50,normal
2025-01-01 12:05:51,normal
2025-01-01 12:05:52,normal
2025-01-01 12:05:53,normal
2025-01-01 12:05:54,normal
2025-01-01 12:05:55,normal
2025-01-01 12:05:56,normal
2025-01-01 12:05:57,normal
2025-01-01 12:05:58,normal
2025-01-01 12:05:59,normal
2025-01-01 12:06:00,normal
2025-01-01 12:06:01,normal
2025-01-01 12:06:02,normal
2025-01-01 12:06:03,normal
2025-01-01 12:06:04,normal
2025-01-01 12:06:05,normal
2025-01-01 12:06:06,normal
2025-01-01 12:06:07,normal
2025-01-01 12:06:08,normal
2025-01-01 12:06:09,normal
2025-01-01 12:06:10,normal
2025-01-01 12:06:11,normal
2025-01-01 12:06:12,normal
2025-01-01 12:06:13,normal
2025-01-01 12:06:14,normal
2025-01-01 12:06:15,normal
2025-01-01 12:06:16,normal
2025-01-01 12:06:17,normal
2025-01-01 12:06:18,normal
2025-01-01 12:06:19,normal
2025-01-01 12:06:20,normal
2025-01-01 12:06:21,normal
2025-01-01 12:06:22,normal
2025-01-01 12:06:23,normal
2025-01-01 12:06:24,normal
2025-01-01 12:06:25,normal
2025-01-01 12:06:26,normal
2025-01-01 12:06:27,normal
2025-01-01 12:06:28,normal
2025-01-01 12:06:29,normal
2025-01-01 12:06:30,normal
2025-01-01 12:06:31,normal
2025-01-01 12:06:32,normal
2025-01-01 12:06:33,normal
2025-01-01 12:06:34,normal
2025-01-01 12:06:35,normal
2025-01-01 12:06:36,normal
2025-01-01 12:06:37,normal
2025-01-01 12:06:38,normal
2025-01-01 12:06:39,normal
2025-01-01 12:06:40,normal
2025-01-01 12:06:41,normal
2025-01-01 12:06:42,normal
2025-01-01 12:06:43,normal
2025-01-01 12:06:44,normal
2025-01-01 12:06:45,normal
2025-01-01 12:06:46,normal
2025-01-01 12:06:47,normal
2025-01-01 12:06:48,normal
2025-01-01 12:06:49,normal
2025-01-01 12:06:50,normal
2025-01-01 12:06:51,normal
2025-01-01 12:06:52,normal
2025-01-01 12:06:53,normal
2025-01-01 12:06:54,normal
2025-01-01 12:06:55,normal
2025-01-01 12:06:56,normal
2025-01-01 12:06:57,normal
2025-01-01 12:06:58,normal
2025-01-01 12:06:59,normal
2025-01-01 12:07:00,normal
2025-01-01 12:07:01,normal
2025-01-01 12:07:02,normal
2025-01-01 12:07:03,normal
2025-01-01 12:07:04,normal
2025-01-01 12:07:05,normal
2025-01-01 12:07:06,normal
2025-01-01 12:07:07,normal
2025-01-01 12:07:08,normal
2025-01-01 12:07:09,normal
2025-01-01 12:07:10,normal
2025-01-01 12:07:11,normal
2025-01-01 12:07:12,normal
2025-01-01 12:07:13,normal
2025-01-01 12:07:14,normal
2025-01-01 12:07:15,normal
2025-01-01 12:07:16,normal
2025-01-01 12:07:17,normal
2025-01-01 12:07:18,normal
2025-01-01 12:07:19,normal
2025-01-01 12:07:20,normal
2025-01-01 12:07:21,normal
2025-01-01 12:07:22,normal
2025-01-01 12:07:23,normal
2025-01-01 12:07:24,normal
2025-01-01 12:07:25,normal
2025-01-01 12:07:26,normal
2025-01-01 12:07:27,normal
2025-01-01 12:07:28,normal
2025-01-01 12:07:29,normal
2025-01-01 12:07:30,normal
2025-01-01 12:07:31,normal
2025-01-01 12:07:32,normal
2025-01-01 12:07:33,normal
2025-01-01 12:07:34,normal
2025-01-01 12:07:35,normal
2025-01-01 12:07:36,normal
2025-01-01 12:07:37,normal
2025-01-01 12:07:38,normal
2025-01-01 12:07:39,normal
2025-01-01 12:07:40,normal
2025-01-01 12:07:41,normal
2025-01-01 12:07:42,normal
2025-01-01 12:07:43,normal
2025-01-01 12:07:44,normal
2025-01-01 12:07:45,normal
2025-01-01 12:07:46,normal
2025-01-01 12:07:47,normal
2025-01-01 12:07:48,normal
2025-01-01 12:07:49,normal
2025-01-01 12:07:50,normal
2025-01-01 12:07:51,normal
2025-01-01 12:07:52,normal
2025-01-01 12:07:53,normal
2025-01-01 12:07:54,normal
2025-01-01 12:07:55,normal
2025-01-01 12:07:56,normal
2025-01-01 12:07:57,normal
2025-01-01 12:07:58,normal
2025-01-01 12:07:59,normal
2025-01-01 12:08:00,normal
2025-01-01 12:08:01,normal
2025-01-01 12:08:02,normal
2025-01-01 12:08:03,normal
2025-01-01 12:08:04,normal
2025-01-01 12:08:05,normal
2025-01-01 12:08:06,normal
2025-01-01 12:08:07,normal
2025-01-01 12:08:08,normal
2025-01-01 12:08:09,normal
2025-01-01 12:08:10,normal
2025-01-01 12:08:11,normal
2025-01-01 12:08:12,normal
2025-01-01 12:08:13,normal
2025-01-01 12:08:14,normal
2025-01-01 12:08:15,normal
2025-01-01 12:08:16,normal
2025-01-01 12:08:17,normal
2025-01-01 12:08:18,normal
2025-01-01 12:08:19,normal
2025-01-01 12:08:20,gps_spoofing
2025-01-01 12:08:21,gps_spoofing
2025-01-01 12:08:22,gps_spoofing
2025-01-01 12:08:23,gps_spoofing
2025-01-01 12:08:24,gps_spoofing
2025-01-01 12:08:25,gps_spoofing
2025-01-01 12:08:26,gps_spoofing
2025-01-01 12:08:27,gps_spoofing
2025-01-01 12:08:28,gps_spoofing
2025-01-01 12:08:29,gps_spoofing
2025-01-01 12:08:30,gps_spoofing
2025-01-01 12:08:31,gps_spoofing
2025-01-01 12:08:32,gps_spoofing
2025-01-01 12:08:33,gps_spoofing
2025-01-01 12:08:34,gps_spoofing
2025-01-01 12:08:35,gps_spoofing
2025-01-01 12:08:36,gps_spoofing
2025-01-01 12:08:37,gps_spoofing
2025-01-01 12:08:38,normal
2025-01-01 12:08:39,gps_spoofing
2025-01-01 12:08:40,gps_spoofing
2025-01-01 12:08:41,gps_spoofing
2025-01-01 12:08:42,gps_spoofing
2025-01-01 12:08:43,gps_spoofing
2025-01-01 12:08:44,gps_spoofing
2025-01-01 12:08:45,gps_spoofing
2025-01-01 12:08:46,gps_spoofing
2025-01-01 12:08:47,gps_spoofing
2025-01-01 12:08:48,gps_spoofing
2025-01-01 12:08:49,gps_spoofing
2025-01-01 12:08:50,gps_spoofing
2025-01-01 12:08:51,gps_spoofing
2025-01-01 12:08:52,gps_spoofing
2025-01-01 12:08:53,gps_spoofing
2025-01-01 12:08:54,gps_spoofing
2025-01-01 12:08:55,gps_spoofing
2025-01-01 12:08:56,gps_spoofing
2025-01-01 12:08:57,gps_spoofing
2025-01-01 12:08:58,gps_spoofing
2025-01-01 12:08:59,gps_spoofing
2025-01-01 12:09:00,gps_spoofing
2025-01-01 12:09:01,normal
2025-01-01 12:09:02,normal
2025-01-01 12:09:03,gps_spoofing
2025-01-01 12:09:04,gps_spoofing
2025-01-01 12:09:05,gps_spoofing
2025-01-01 12:09:06,gps_spoofing
2025-01-01 12:09:07,gps_spoofing
2025-01-01 12:09:08,gps_spoofing
2025-01-01 12:09:09,gps_spoofing
2025-01-01 12:09:10,gps_spoofing
2025-01-01 12:09:11,gps_spoofing
2025-01-01 12:09:12,gps_spoofing
2025-01-01 12:09:13,gps_spoofing
2025-01-01 12:09:14,gps_spoofing
2025-01-01 12:09:15,gps_spoofing
2025-01-01 12:09:16,gps_spoofing
2025-01-01 12:09:17,gps_spoofing
2025-01-01 12:09:18,gps_spoofing
2025-01-01 12:09:19,gps_spoofing
2025-01-01 12:09:20,gps_spoofing
2025-01-01 12:09:21,gps_spoofing
2025-01-01 12:09:22,gps_spoofing
2025-01-01 12:09:23,gps_spoofing
2025-01-01 12:09:24,gps_spoofing
2025-01-01 12:09:25,gps_spoofing
2025-01-01 12:09:26,gps_spoofing
2025-01-01 12:09:27,gps_spoofing
2025-01-01 12:09:28,gps_spoofing
2025-01-01 12:09:29,gps_spoofing
2025-01-01 12:09:30,gps_spoofing
2025-01-01 12:09:31,gps_spoofing
2025-01-01 12:09:32,gps_spoofing
2025-01-01 12:09:33,gps_spoofing
2025-01-01 12:09:34,gps_spoofing
2025-01-01 12:09:35,gps_spoofing
2025-01-01 12:09:36,gps_spoofing
2025-01-01 12:09:37,gps_spoofing
2025-01-01 12:09:38,gps_spoofing
2025-01-01 12:09:39,normal
2025-01-01 12:09:40,gps_spoofing
2025-01-01 12:09:41,gps_spoofing
2025-01-01 12:09:42,gps_spoofing
2025-01-01 12:09:43,gps_spoofing
2025-01-01 12:09:44,gps_spoofing
2025-01-01 12:09:45,gps_spoofing
2025-01-01 12:09:46,gps_spoofing
2025-01-01 12:09:47,gps_spoofing
2025-01-01 12:09:48,gps_spoofing
2025-01-01 12:09:49,gps_spoofing
2025-01-01 12:09:50,gps_spoofing
2025-01-01 12:09:51,gps_spoofing
2025-01-01 12:09:52,gps_spoofing
2025-01-01 12:09:53,gps_spoofing
2025-01-01 12:09:54,normal
2025-01-01 12:09:55,gps_spoofing
2025-01-01 12:09:56,gps_spoofing
2025-01-01 12:09:57,gps_spoofing
2025-01-01 12:09:58,normal
2025-01-01 12:09:59,gps_spoofing
2025-01-01 12:10:00,gps_spoofing
2025-01-01 12:10:01,gps_spoofing
2025-01-01 12:10:02,gps_spoofing
2025-01-01 12:10:03,gps_spoofing
2025-01-01 12:10:04,gps_spoofing
2025-01-01 12:10:05,normal
2025-01-01 12:10:06,gps_spoofing
2025-01-01 12:10:07,gps_spoofing
2025-01-01 12:10:08,gps_spoofing
2025-01-01 12:10:09,gps_spoofing
2025-01-01 12:10:10,gps_spoofing
2025-01-01 12:10:11,gps_spoofing
2025-01-01 12:10:12,gps_spoofing
2025-01-01 12:10:13,gps_spoofing
2025-01-01 12:10:14,gps_spoofing
2025-01-01 12:10:15,gps_spoofing
2025-01-01 12:10:16,gps_spoofing
2025-01-01 12:10:17,gps_spoofing
2025-01-01 12:10:18,gps_spoofing
2025-01-01 12:10:19,gps_spoofing
2025-01-01 12:10:20,normal
2025-01-01 12:10:21,gps_spoofing
2025-01-01 12:10:22,gps_spoofing
2025-01-01 12:10:23,gps_spoofing
2025-01-01 12:10:24,gps_spoofing
2025-01-01 12:10:25,normal
2025-01-01 12:10:26,gps_spoofing
2025-01-01 12:10:27,gps_spoofing
2025-01-01 12:10:28,gps_spoofing
2025-01-01 12:10:29,gps_spoofing
2025-01-01 12:10:30,gps_spoofing
2025-01-01 12:10:31,gps_spoofing
2025-01-01 12:10:32,gps_spoofing
2025-01-01 12:10:33,gps_spoofing
2025-01-01 12:10:34,gps_spoofing
2025-01-01 12:10:35,gps_spoofing
2025-01-01 12:10:36,gps_spoofing
2025-01-01 12:10:37,gps_spoofing
2025-01-01 12:10:38,gps_spoofing
2025-01-01 12:10:39,gps_spoofing
2025-01-01 12:10:40,gps_spoofing
2025-01-01 12:10:41,gps_spoofing
2025-01-01 12:10:42,gps_spoofing
2025-01-01 12:10:43,gps_spoofing
2025-01-01 12:10:44,gps_spoofing
2025-01-01 12:10:45,gps_spoofing
2025-01-01 12:10:46,gps_spoofing
2025-01-01 12:10:47,gps_spoofing
2025-01-01 12:10:48,gps_spoofing
2025-01-01 12:10:49,gps_spoofing
2025-01-01 12:10:50,gps_spoofing
2025-01-01 12:10:51,gps_spoofing
2025-01-01 12:10:52,gps_spoofing
2025-01-01 12:10:53,gps_spoofing
2025-01-01 12:10:54,gps_spoofing
2025-01-01 12:10:55,gps_spoofing
2025-01-01 12:10:56,gps_spoofing
2025-01-01 12:10:57,gps_spoofing
2025-01-01 12:10:58,gps_spoofing
2025-01-01 12:10:59,gps_spoofing
2025-01-01 12:11:00,gps_spoofing
2025-01-01 12:11:01,gps_spoofing
2025-01-01 12:11:02,gps_spoofing
2025-01-01 12:11:03,normal
2025-01-01 12:11:04,gps_spoofing
2025-01-01 12:11:05,gps_spoofing
2025-01-01 12:11:06,gps_spoofing
2025-01-01 12:11:07,gps_spoofing
2025-01-01 12:11:08,gps_spoofing
2025-01-01 12:11:09,gps_spoofing
2025-01-01 12:11:10,gps_spoofing
2025-01-01 12:11:11,gps_spoofing
2025-01-01 12:11:12,gps_spoofing
2025-01-01 12:11:13,gps_spoofing
2025-01-01 12:11:14,gps_spoofing
2025-01-01 12:11:15,gps_spoofing
2025-01-01 12:11:16,gps_spoofing
2025-01-01 12:11:17,gps_spoofing
2025-01-01 12:11:18,gps_spoofing
2025-01-01 12:11:19,gps_spoofing
2025-01-01 12:11:20,gps_spoofing
2025-01-01 12:11:21,gps_spoofing
2025-01-01 12:11:22,gps_spoofing
2025-01-01 12:11:23,gps_spoofing
2025-01-01 12:11:24,gps_spoofing
2025-01-01 12:11:25,gps_spoofing
2025-01-01 12:11:26,gps_spoofing
2025-01-01 12:11:27,gps_spoofing
2025-01-01 12:11:28,normal
2025-01-01 12:11:29,gps_spoofing
2025-01-01 12:11:30,gps_spoofing
2025-01-01 12:11:31,gps_spoofing
2025-01-01 12:11:32,gps_spoofing
2025-01-01 12:11:33,gps_spoofing
2025-01-01 12:11:34,gps_spoofing
2025-01-01 12:11:35,gps_spoofing
2025-01-01 12:11:36,gps_spoofing
2025-01-01 12:11:37,gps_spoofing
2025-01-01 12:11:38,gps_spoofing
2025-01-01 12:11:39,gps_spoofing
2025-01-01 12:11:40,gps_spoofing
2025-01-01 12:11:41,gps_spoofing
2025-01-01 12:11:42,normal
2025-01-01 12:11:43,gps_spoofing
2025-01-01 12:11:44,gps_spoofing
2025-01-01 12:11:45,gps_spoofing
2025-01-01 12:11:46,gps_spoofing
2025-01-01 12:11:47,gps_spoofing
2025-01-01 12:11:48,gps_spoofing
2025-01-01 12:11:49,gps_spoofing
2025-01-01 12:11:50,gps_spoofing
2025-01-01 12:11:51,gps_spoofing
2025-01-01 12:11:52,gps_spoofing
2025-01-01 12:11:53,gps_spoofing
2025-01-01 12:11:54,normal
2025-01-01 12:11:55,gps_spoofing
2025-01-01 12:11:56,gps_spoofing
2025-01-01 12:11:57,gps_spoofing
2025-01-01 12:11:58,gps_spoofing
2025-01-01 12:11:59,gps_spoofing
2025-01-01 12:12:00,gps_spoofing
2025-01-01 12:12:01,gps_spoofing
2025-01-01 12:12:02,gps_spoofing
2025-01-01 12:12:03,normal
2025-01-01 12:12:04,gps_spoofing
2025-01-01 12:12:05,gps_spoofing
2025-01-01 12:12:06,gps_spoofing
2025-01-01 12:12:07,gps_spoofing
2025-01-01 12:12:08,gps_spoofing
2025-01-01 12:12:09,gps_spoofing
2025-01-01 12:12:10,gps_spoofing
2025-01-01 12:12:11,gps_spoofing
2025-01-01 12:12:12,gps_spoofing
2025-01-01 12:12:13,gps_spoofing
2025-01-01 12:12:14,gps_spoofing
2025-01-01 12:12:15,gps_spoofing
2025-01-01 12:12:16,gps_spoofing
2025-01-01 12:12:17,gps_spoofing
2025-01-01 12:12:18,gps_spoofing
2025-01-01 12:12:19,gps_spoofing
2025-01-01 12:12:20,normal
2025-01-01 12:12:21,gps_spoofing
2025-01-01 12:12:22,gps_spoofing
2025-01-01 12:12:23,gps_spoofing
2025-01-01 12:12:24,gps_spoofing
2025-01-01 12:12:25,gps_spoofing
2025-01-01 12:12:26,gps_spoofing
2025-01-01 12:12:27,gps_spoofing
2025-01-01 12:12:28,gps_spoofing
2025-01-01 12:12:29,gps_spoofing
2025-01-01 12:12:30,gps_spoofing
2025-01-01 12:12:31,gps_spoofing
2025-01-01 12:12:32,gps_spoofing
2025-01-01 12:12:33,gps_spoofing
2025-01-01 12:12:34,normal
2025-01-01 12:12:35,normal
2025-01-01 12:12:36,gps_spoofing
2025-01-01 12:12:37,gps_spoofing
2025-01-01 12:12:38,gps_spoofing
2025-01-01 12:12:39,gps_spoofing
2025-01-01 12:12:40,gps_spoofing
2025-01-01 12:12:41,gps_spoofing
2025-01-01 12:12:42,gps_spoofing
2025-01-01 12:12:43,gps_spoofing
2025-01-01 12:12:44,normal
2025-01-01 12:12:45,gps_spoofing
2025-01-01 12:12:46,gps_spoofing
2025-01-01 12:12:47,gps_spoofing
2025-01-01 12:12:48,gps_spoofing
2025-01-01 12:12:49,gps_spoofing
2025-01-01 12:12:50,gps_spoofing
2025-01-01 12:12:51,gps_spoofing
2025-01-01 12:12:52,normal
2025-01-01 12:12:53,gps_spoofing
2025-01-01 12:12:54,gps_spoofing
2025-01-01 12:12:55,gps_spoofing
2025-01-01 12:12:56,gps_spoofing
2025-01-01 12:12:57,gps_spoofing
2025-01-01 12:12:58,gps_spoofing
2025-01-01 12:12:59,gps_spoofing
2025-01-01 12:13:00,gps_spoofing
2025-01-01 12:13:01,gps_spoofing
2025-01-01 12:13:02,gps_spoofing
2025-01-01 12:13:03,gps_spoofing
2025-01-01 12:13:04,gps_spoofing
2025-01-01 12:13:05,gps_spoofing
2025-01-01 12:13:06,gps_spoofing
2025-01-01 12:13:07,gps_spoofing
2025-01-01 12:13:08,gps_spoofing
2025-01-01 12:13:09,gps_spoofing
2025-01-01 12:13:10,gps_spoofing
2025-01-01 12:13:11,gps_spoofing
2025-01-01 12:13:12,gps_spoofing
2025-01-01 12:13:13,gps_spoofing
2025-01-01 12:13:14,gps_spoofing
2025-01-01 12:13:15,gps_spoofing
2025-01-01 12:13:16,gps_spoofing
2025-01-01 12:13:17,gps_spoofing
2025-01-01 12:13:18,gps_spoofing
2025-01-01 12:13:19,gps_spoofing
2025-01-01 12:13:20,gps_spoofing
2025-01-01 12:13:21,gps_spoofing
2025-01-01 12:13:22,normal
2025-01-01 12:13:23,gps_spoofing
2025-01-01 12:13:24,gps_spoofing
2025-01-01 12:13:25,gps_spoofing
2025-01-01 12:13:26,gps_spoofing
2025-01-01 12:13:27,gps_spoofing
2025-01-01 12:13:28,gps_spoofing
2025-01-01 12:13:29,gps_spoofing
2025-01-01 12:13:30,gps_spoofing
2025-01-01 12:13:31,gps_spoofing
2025-01-01 12:13:32,gps_spoofing
2025-01-01 12:13:33,normal
2025-01-01 12:13:34,gps_spoofing
2025-01-01 12:13:35,gps_spoofing
2025-01-01 12:13:36,normal
2025-01-01 12:13:37,gps_spoofing
2025-01-01 12:13:38,gps_spoofing
2025-01-01 12:13:39,gps_spoofing
2025-01-01 12:13:40,gps_spoofing
2025-01-01 12:13:41,gps_spoofing
2025-01-01 12:13:42,gps_spoofing
2025-01-01 12:13:43,gps_spoofing
2025-01-01 12:13:44,gps_spoofing
2025-01-01 12:13:45,gps_spoofing
2025-01-01 12:13:46,gps_spoofing
2025-01-01 12:13:47,gps_spoofing
2025-01-01 12:13:48,gps_spoofing
2025-01-01 12:13:49,gps_spoofing
2025-01-01 12:13:50,gps_spoofing
2025-01-01 12:13:51,gps_spoofing
2025-01-01 12:13:52,gps_spoofing
2025-01-01 12:13:53,gps_spoofing
2025-01-01 12:13:54,gps_spoofing
2025-01-01 12:13:55,gps_spoofing
2025-01-01 12:13:56,gps_spoofing
2025-01-01 12:13:57,normal
2025-01-01 12:13:58,gps_spoofing
2025-01-01 12:13:59,gps_spoofing
2025-01-01 12:14:00,gps_spoofing
2025-01-01 12:14:01,gps_spoofing
2025-01-01 12:14:02,gps_spoofing
2025-01-01 12:14:03,gps_spoofing
2025-01-01 12:14:04,gps_spoofing
2025-01-01 12:14:05,gps_spoofing
2025-01-01 12:14:06,gps_spoofing
2025-01-01 12:14:07,gps_spoofing
2025-01-01 12:14:08,gps_spoofing
2025-01-01 12:14:09,gps_spoofing
2025-01-01 12:14:10,gps_spoofing
2025-01-01 12:14:11,gps_spoofing
2025-01-01 12:14:12,gps_spoofing
2025-01-01 12:14:13,normal
2025-01-01 12:14:14,gps_spoofing
2025-01-01 12:14:15,gps_spoofing
2025-01-01 12:14:16,gps_spoofing
2025-01-01 12:14:17,gps_spoofing
2025-01-01 12:14:18,gps_spoofing
2025-01-01 12:14:19,gps_spoofing
2025-01-01 12:14:20,gps_spoofing
2025-01-01 12:14:21,gps_spoofing
2025-01-01 12:14:22,gps_spoofing
2025-01-01 12:14:23,gps_spoofing
2025-01-01 12:14:24,gps_spoofing
2025-01-01 12:14:25,gps_spoofing
2025-01-01 12:14:26,gps_spoofing
2025-01-01 12:14:27,gps_spoofing
2025-01-01 12:14:28,gps_spoofing
2025-01-01 12:14:29,gps_spoofing
2025-01-01 12:14:30,gps_spoofing
2025-01-01 12:14:31,gps_spoofing
2025-01-01 12:14:32,gps_spoofing
2025-01-01 12:14:33,gps_spoofing
2025-01-01 12:14:34,gps_spoofing
2025-01-01 12:14:35,gps_spoofing
2025-01-01 12:14:36,gps_spoofing
2025-01-01 12:14:37,gps_spoofing
2025-01-01 12:14:38,gps_spoofing
2025-01-01 12:14:39,gps_spoofing
2025-01-01 12:14:40,gps_spoofing
2025-01-01 12:14:41,gps_spoofing
2025-01-01 12:14:42,gps_spoofing
2025-01-01 12:14:43,gps_spoofing
2025-01-01 12:14:44,gps_spoofing
2025-01-01 12:14:45,gps_spoofing
2025-01-01 12:14:46,gps_spoofing
2025-01-01 12:14:47,gps_spoofing
2025-01-01 12:14:48,gps_spoofing
2025-01-01 12:14:49,gps_spoofing
2025-01-01 12:14:50,gps_spoofing
2025-01-01 12:14:51,gps_spoofing
2025-01-01 12:14:52,gps_spoofing
2025-01-01 12:14:53,gps_spoofing
2025-01-01 12:14:54,gps_spoofing
2025-01-01 12:14:55,gps_spoofing
2025-01-01 12:14:56,gps_spoofing
2025-01-01 12:14:57,gps_spoofing
2025-01-01 12:14:58,gps_spoofing
2025-01-01 12:14:59,gps_spoofing
2025-01-01 12:15:00,gps_spoofing
2025-01-01 12:15:01,gps_spoofing
2025-01-01 12:15:02,gps_spoofing
2025-01-01 12:15:03,gps_spoofing
2025-01-01 12:15:04,gps_spoofing
2025-01-01 12:15:05,gps_spoofing
2025-01-01 12:15:06,gps_spoofing
2025-01-01 12:15:07,gps_spoofing
2025-01-01 12:15:08,gps_spoofing
2025-01-01 12:15:09,gps_spoofing
2025-01-01 12:15:10,normal
2025-01-01 12:15:11,gps_spoofing
2025-01-01 12:15:12,gps_spoofing
2025-01-01 12:15:13,gps_spoofing
2025-01-01 12:15:14,gps_spoofing
2025-01-01 12:15:15,gps_spoofing
2025-01-01 12:15:16,gps_spoofing
2025-01-01 12:15:17,gps_spoofing
2025-01-01 12:15:18,gps_spoofing
2025-01-01 12:15:19,gps_spoofing
2025-01-01 12:15:20,gps_spoofing
2025-01-01 12:15:21,gps_spoofing
2025-01-01 12:15:22,gps_spoofing
2025-01-01 12:15:23,gps_spoofing
2025-01-01 12:15:24,normal
2025-01-01 12:15:25,gps_spoofing
2025-01-01 12:15:26,gps_spoofing
2025-01-01 12:15:27,gps_spoofing
2025-01-01 12:15:28,gps_spoofing
2025-01-01 12:15:29,gps_spoofing
2025-01-01 12:15:30,gps_spoofing
2025-01-01 12:15:31,gps_spoofing
2025-01-01 12:15:32,gps_spoofing
2025-01-01 12:15:33,gps_spoofing
2025-01-01 12:15:34,gps_spoofing
2025-01-01 12:15:35,gps_spoofing
2025-01-01 12:15:36,gps_spoofing
2025-01-01 12:15:37,gps_spoofing
2025-01-01 12:15:38,gps_spoofing
2025-01-01 12:15:39,gps_spoofing
2025-01-01 12:15:40,gps_spoofing
2025-01-01 12:15:41,gps_spoofing
2025-01-01 12:15:42,gps_spoofing
2025-01-01 12:15:43,gps_spoofing
2025-01-01 12:15:44,normal
2025-01-01 12:15:45,gps_spoofing
2025-01-01 12:15:46,normal
2025-01-01 12:15:47,gps_spoofing
2025-01-01 12:15:48,gps_spoofing
2025-01-01 12:15:49,gps_spoofing
2025-01-01 12:15:50,gps_spoofing
2025-01-01 12:15:51,gps_spoofing
2025-01-01 12:15:52,gps_spoofing
2025-01-01 12:15:53,gps_spoofing
2025-01-01 12:15:54,gps_spoofing
2025-01-01 12:15:55,normal
2025-01-01 12:15:56,gps_spoofing
2025-01-01 12:15:57,gps_spoofing
2025-01-01 12:15:58,gps_spoofing
2025-01-01 12:15:59,gps_spoofing
2025-01-01 12:16:00,gps_spoofing
2025-01-01 12:16:01,gps_spoofing
2025-01-01 12:16:02,gps_spoofing
2025-01-01 12:16:03,gps_spoofing
2025-01-01 12:16:04,gps_spoofing
2025-01-01 12:16:05,gps_spoofing
2025-01-01 12:16:06,gps_spoofing
2025-01-01 12:16:07,gps_spoofing
2025-01-01 12:16:08,gps_spoofing
2025-01-01 12:16:09,gps_spoofing
2025-01-01 12:16:10,gps_spoofing
2025-01-01 12:16:11,gps_spoofing
2025-01-01 12:16:12,gps_spoofing
2025-01-01 12:16:13,gps_spoofing
2025-01-01 12:16:14,gps_spoofing
2025-01-01 12:16:15,gps_spoofing
2025-01-01 12:16:16,gps_spoofing
2025-01-01 12:16:17,gps_spoofing
2025-01-01 12:16:18,gps_spoofing
2025-01-01 12:16:19,normal
2025-01-01 12:16:20,gps_spoofing
2025-01-01 12:16:21,gps_spoofing
2025-01-01 12:16:22,gps_spoofing
2025-01-01 12:16:23,gps_spoofing
2025-01-01 12:16:24,gps_spoofing
2025-01-01 12:16:25,gps_spoofing
2025-01-01 12:16:26,gps_spoofing
2025-01-01 12:16:27,gps_spoofing
2025-01-01 12:16:28,gps_spoofing
2025-01-01 12:16:29,gps_spoofing
2025-01-01 12:16:30,gps_spoofing
2025-01-01 12:16:31,gps_spoofing
2025-01-01 12:16:32,gps_spoofing
2025-01-01 12:16:33,gps_spoofing
2025-01-01 12:16:34,gps_spoofing
2025-01-01 12:16:35,gps_spoofing
2025-01-01 12:16:36,gps_spoofing
2025-01-01 12:16:37,gps_spoofing
2025-01-01 12:16:38,gps_spoofing
2025-01-01 12:16:39,gps_spoofing
2025-01-01 12:16:40,normal
2025-01-01 12:16:41,normal
2025-01-01 12:16:42,normal
2025-01-01 12:16:43,normal
2025-01-01 12:16:44,normal
2025-01-01 12:16:45,normal
2025-01-01 12:16:46,normal
2025-01-01 12:16:47,normal
2025-01-01 12:16:48,normal
2025-01-01 12:16:49,normal
2025-01-01 12:16:50,normal
2025-01-01 12:16:51,rf_jamming
2025-01-01 12:16:52,rf_jamming
2025-01-01 12:16:53,gps_spoofing
2025-01-01 12:16:54,normal
2025-01-01 12:16:55,gps_spoofing
2025-01-01 12:16:56,normal
2025-01-01 12:16:57,normal
2025-01-01 12:16:58,normal
2025-01-01 12:16:59,normal
2025-01-01 12:17:00,normal
2025-01-01 12:17:01,rf_jamming
2025-01-01 12:17:02,normal
2025-01-01 12:17:03,normal
2025-01-01 12:17:04,normal
2025-01-01 12:17:05,gps_spoofing
2025-01-01 12:17:06,normal
2025-01-01 12:17:07,normal
2025-01-01 12:17:08,rf_jamming
2025-01-01 12:17:09,normal
2025-01-01 12:17:10,normal
2025-01-01 12:17:11,normal
2025-01-01 12:17:12,normal
2025-01-01 12:17:13,normal
2025-01-01 12:17:14,rf_jamming
2025-01-01 12:17:15,normal
2025-01-01 12:17:16,normal
2025-01-01 12:17:17,rf_jamming
2025-01-01 12:17:18,normal
2025-01-01 12:17:19,normal
2025-01-01 12:17:20,normal
2025-01-01 12:17:21,normal
2025-01-01 12:17:22,normal
2025-01-01 12:17:23,gps_spoofing
2025-01-01 12:17:24,normal
2025-01-01 12:17:25,normal
2025-01-01 12:17:26,normal
2025-01-01 12:17:27,normal
2025-01-01 12:17:28,normal
2025-01-01 12:17:29,normal
2025-01-01 12:17:30,rf_jamming
2025-01-01 12:17:31,normal
2025-01-01 12:17:32,rf_jamming
2025-01-01 12:17:33,gps_spoofing
2025-01-01 12:17:34,gps_spoofing
2025-01-01 12:17:35,normal
2025-01-01 12:17:36,normal
2025-01-01 12:17:37,rf_jamming
2025-01-01 12:17:38,normal
2025-01-01 12:17:39,rf_jamming
2025-01-01 12:17:40,gps_spoofing
2025-01-01 12:17:41,normal
2025-01-01 12:17:42,gps_spoofing
2025-01-01 12:17:43,gps_spoofing
2025-01-01 12:17:44,rf_jamming
2025-01-01 12:17:45,normal
2025-01-01 12:17:46,normal
2025-01-01 12:17:47,normal
2025-01-01 12:17:48,rf_jamming
2025-01-01 12:17:49,normal
2025-01-01 12:17:50,gps_spoofing
2025-01-01 12:17:51,normal
2025-01-01 12:17:52,normal
2025-01-01 12:17:53,normal
2025-01-01 12:17:54,normal
2025-01-01 12:17:55,normal
2025-01-01 12:17:56,gps_spoofing
2025-01-01 12:17:57,normal
2025-01-01 12:17:58,normal
2025-01-01 12:17:59,normal
2025-01-01 12:18:00,normal
2025-01-01 12:18:01,gps_spoofing
2025-01-01 12:18:02,gps_spoofing
2025-01-01 12:18:03,normal
2025-01-01 12:18:04,normal
2025-01-01 12:18:05,normal
2025-01-01 12:18:06,rf_jamming
2025-01-01 12:18:07,rf_jamming
2025-01-01 12:18:08,normal
2025-01-01 12:18:09,normal
2025-01-01 12:18:10,rf_jamming
2025-01-01 12:18:11,normal
2025-01-01 12:18:12,rf_jamming
2025-01-01 12:18:13,normal
2025-01-01 12:18:14,rf_jamming
2025-01-01 12:18:15,gps_spoofing
2025-01-01 12:18:16,normal
2025-01-01 12:18:17,normal
2025-01-01 12:18:18,normal
2025-01-01 12:18:19,gps_spoofing
2025-01-01 12:18:20,gps_spoofing
2025-01-01 12:18:21,normal
2025-01-01 12:18:22,rf_jamming
2025-01-01 12:18:23,normal
2025-01-01 12:18:24,normal
2025-01-01 12:18:25,normal
2025-01-01 12:18:26,rf_jamming
2025-01-01 12:18:27,normal
2025-01-01 12:18:28,rf_jamming
2025-01-01 12:18:29,gps_spoofing
2025-01-01 12:18:30,gps_spoofing
2025-01-01 12:18:31,normal
2025-01-01 12:18:32,gps_spoofing
2025-01-01 12:18:33,normal
2025-01-01 12:18:34,gps_spoofing
2025-01-01 12:18:35,gps_spoofing
2025-01-01 12:18:36,gps_spoofing
2025-01-01 12:18:37,normal
2025-01-01 12:18:38,normal
2025-01-01 12:18:39,normal
2025-01-01 12:18:40,normal
2025-01-01 12:18:41,gps_spoofing
2025-01-01 12:18:42,normal
2025-01-01 12:18:43,gps_spoofing
2025-01-01 12:18:44,gps_spoofing
2025-01-01 12:18:45,normal
2025-01-01 12:18:46,gps_spoofing
2025-01-01 12:18:47,rf_jamming
2025-01-01 12:18:48,normal
2025-01-01 12:18:49,normal
2025-01-01 12:18:50,normal
2025-01-01 12:18:51,normal
2025-01-01 12:18:52,normal
2025-01-01 12:18:53,normal
2025-01-01 12:18:54,normal
2025-01-01 12:18:55,normal
2025-01-01 12:18:56,normal
2025-01-01 12:18:57,rf_jamming
2025-01-01 12:18:58,normal
2025-01-01 12:18:59,rf_jamming
2025-01-01 12:19:00,gps_spoofing
2025-01-01 12:19:01,gps_spoofing
2025-01-01 12:19:02,gps_spoofing
2025-01-01 12:19:03,normal
2025-01-01 12:19:04,normal
2025-01-01 12:19:05,gps_spoofing
2025-01-01 12:19:06,normal
2025-01-01 12:19:07,gps_spoofing
2025-01-01 12:19:08,rf_jamming
2025-01-01 12:19:09,gps_spoofing
2025-01-01 12:19:10,normal
2025-01-01 12:19:11,gps_spoofing
2025-01-01 12:19:12,rf_jamming
2025-01-01 12:19:13,rf_jamming
2025-01-01 12:19:14,gps_spoofing
2025-01-01 12:19:15,normal
2025-01-01 12:19:16,gps_spoofing
2025-01-01 12:19:17,normal
2025-01-01 12:19:18,gps_spoofing
2025-01-01 12:19:19,gps_spoofing
2025-01-01 12:19:20,rf_jamming
2025-01-01 12:19:21,normal
2025-01-01 12:19:22,normal
2025-01-01 12:19:23,normal
2025-01-01 12:19:24,rf_jamming
2025-01-01 12:19:25,normal
2025-01-01 12:19:26,normal
2025-01-01 12:19:27,normal
2025-01-01 12:19:28,normal
2025-01-01 12:19:29,gps_spoofing
2025-01-01 12:19:30,gps_spoofing
2025-01-01 12:19:31,rf_jamming
2025-01-01 12:19:32,rf_jamming
2025-01-01 12:19:33,normal
2025-01-01 12:19:34,normal
2025-01-01 12:19:35,normal
2025-01-01 12:19:36,gps_spoofing
2025-01-01 12:19:37,rf_jamming
2025-01-01 12:19:38,normal
2025-01-01 12:19:39,rf_jamming
2025-01-01 12:19:40,rf_jamming
2025-01-01 12:19:41,normal
2025-01-01 12:19:42,normal
2025-01-01 12:19:43,normal
2025-01-01 12:19:44,gps_spoofing
2025-01-01 12:19:45,normal
2025-01-01 12:19:46,rf_jamming
2025-01-01 12:19:47,normal
2025-01-01 12:19:48,normal
2025-01-01 12:19:49,normal
2025-01-01 12:19:50,normal
2025-01-01 12:19:51,gps_spoofing
2025-01-01 12:19:52,normal
2025-01-01 12:19:53,rf_jamming
2025-01-01 12:19:54,normal
2025-01-01 12:19:55,normal
2025-01-01 12:19:56,normal
2025-01-01 12:19:57,normal
2025-01-01 12:19:58,gps_spoofing
2025-01-01 12:19:59,gps_spoofing
2025-01-01 12:20:00,rf_jamming
2025-01-01 12:20:01,gps_spoofing
2025-01-01 12:20:02,normal
2025-01-01 12:20:03,gps_spoofing
2025-01-01 12:20:04,normal
2025-01-01 12:20:05,normal
2025-01-01 12:20:06,normal
2025-01-01 12:20:07,rf_jamming
2025-01-01 12:20:08,normal
2025-01-01 12:20:09,normal
2025-01-01 12:20:10,rf_jamming
2025-01-01 12:20:11,normal
2025-01-01 12:20:12,normal
2025-01-01 12:20:13,normal
2025-01-01 12:20:14,rf_jamming
2025-01-01 12:20:15,normal
2025-01-01 12:20:16,normal
2025-01-01 12:20:17,gps_spoofing
2025-01-01 12:20:18,rf_jamming
2025-01-01 12:20:19,normal
2025-01-01 12:20:20,normal
2025-01-01 12:20:21,normal
2025-01-01 12:20:22,rf_jamming
2025-01-01 12:20:23,gps_spoofing
2025-01-01 12:20:24,normal
2025-01-01 12:20:25,gps_spoofing
2025-01-01 12:20:26,normal
2025-01-01 12:20:27,gps_spoofing
2025-01-01 12:20:28,normal
2025-01-01 12:20:29,normal
2025-01-01 12:20:30,gps_spoofing
2025-01-01 12:20:31,normal
2025-01-01 12:20:32,normal
2025-01-01 12:20:33,normal
2025-01-01 12:20:34,gps_spoofing
2025-01-01 12:20:35,gps_spoofing
2025-01-01 12:20:36,gps_spoofing
2025-01-01 12:20:37,normal
2025-01-01 12:20:38,gps_spoofing
2025-01-01 12:20:39,normal
2025-01-01 12:20:40,gps_spoofing
2025-01-01 12:20:41,normal
2025-01-01 12:20:42,normal
2025-01-01 12:20:43,normal
2025-01-01 12:20:44,normal
2025-01-01 12:20:45,rf_jamming
2025-01-01 12:20:46,rf_jamming
2025-01-01 12:20:47,normal
2025-01-01 12:20:48,gps_spoofing
2025-01-01 12:20:49,normal
2025-01-01 12:20:50,normal
2025-01-01 12:20:51,gps_spoofing
2025-01-01 12:20:52,gps_spoofing
2025-01-01 12:20:53,normal
2025-01-01 12:20:54,rf_jamming
2025-01-01 12:20:55,gps_spoofing
2025-01-01 12:20:56,gps_spoofing
2025-01-01 12:20:57,normal
2025-01-01 12:20:58,normal
2025-01-01 12:20:59,gps_spoofing
2025-01-01 12:21:00,normal
2025-01-01 12:21:01,normal
2025-01-01 12:21:02,gps_spoofing
2025-01-01 12:21:03,gps_spoofing
2025-01-01 12:21:04,normal
2025-01-01 12:21:05,normal
2025-01-01 12:21:06,rf_jamming
2025-01-01 12:21:07,rf_jamming
2025-01-01 12:21:08,gps_spoofing
2025-01-01 12:21:09,normal
2025-01-01 12:21:10,normal
2025-01-01 12:21:11,normal
2025-01-01 12:21:12,gps_spoofing
2025-01-01 12:21:13,normal
2025-01-01 12:21:14,normal
2025-01-01 12:21:15,normal
2025-01-01 12:21:16,normal
2025-01-01 12:21:17,rf_jamming
2025-01-01 12:21:18,normal
2025-01-01 12:21:19,gps_spoofing
2025-01-01 12:21:20,normal
2025-01-01 12:21:21,rf_jamming
2025-01-01 12:21:22,normal
2025-01-01 12:21:23,normal
2025-01-01 12:21:24,rf_jamming
2025-01-01 12:21:25,normal
2025-01-01 12:21:26,normal
2025-01-01 12:21:27,normal
2025-01-01 12:21:28,gps_spoofing
2025-01-01 12:21:29,normal
2025-01-01 12:21:30,gps_spoofing
2025-01-01 12:21:31,rf_jamming
2025-01-01 12:21:32,gps_spoofing
2025-01-01 12:21:33,normal
2025-01-01 12:21:34,rf_jamming
2025-01-01 12:21:35,gps_spoofing
2025-01-01 12:21:36,rf_jamming
2025-01-01 12:21:37,gps_spoofing
2025-01-01 12:21:38,gps_spoofing
2025-01-01 12:21:39,normal
2025-01-01 12:21:40,rf_jamming
2025-01-01 12:21:41,rf_jamming
2025-01-01 12:21:42,normal
2025-01-01 12:21:43,normal
2025-01-01 12:21:44,normal
2025-01-01 12:21:45,rf_jamming
2025-01-01 12:21:46,normal
2025-01-01 12:21:47,normal
2025-01-01 12:21:48,normal
2025-01-01 12:21:49,gps_spoofing
2025-01-01 12:21:50,normal
2025-01-01 12:21:51,gps_spoofing
2025-01-01 12:21:52,rf_jamming
2025-01-01 12:21:53,normal
2025-01-01 12:21:54,gps_spoofing
2025-01-01 12:21:55,rf_jamming
2025-01-01 12:21:56,gps_spoofing
2025-01-01 12:21:57,rf_jamming
2025-01-01 12:21:58,gps_spoofing
2025-01-01 12:21:59,normal
2025-01-01 12:22:00,normal
2025-01-01 12:22:01,normal
2025-01-01 12:22:02,normal
2025-01-01 12:22:03,rf_jamming
2025-01-01 12:22:04,normal
2025-01-01 12:22:05,gps_spoofing
2025-01-01 12:22:06,normal
2025-01-01 12:22:07,rf_jamming
2025-01-01 12:22:08,rf_jamming
2025-01-01 12:22:09,normal
2025-01-01 12:22:10,gps_spoofing
2025-01-01 12:22:11,normal
2025-01-01 12:22:12,normal
2025-01-01 12:22:13,gps_spoofing
2025-01-01 12:22:14,normal
2025-01-01 12:22:15,normal
2025-01-01 12:22:16,normal
2025-01-01 12:22:17,gps_spoofing
2025-01-01 12:22:18,gps_spoofing
2025-01-01 12:22:19,normal
2025-01-01 12:22:20,normal
2025-01-01 12:22:21,rf_jamming
2025-01-01 12:22:22,normal
2025-01-01 12:22:23,gps_spoofing
2025-01-01 12:22:24,normal
2025-01-01 12:22:25,normal
2025-01-01 12:22:26,normal
2025-01-01 12:22:27,normal
2025-01-01 12:22:28,rf_jamming
2025-01-01 12:22:29,normal
2025-01-01 12:22:30,gps_spoofing
2025-01-01 12:22:31,rf_jamming
2025-01-01 12:22:32,normal
2025-01-01 12:22:33,normal
2025-01-01 12:22:34,normal
2025-01-01 12:22:35,rf_jamming
2025-01-01 12:22:36,normal
2025-01-01 12:22:37,gps_spoofing
2025-01-01 12:22:38,normal
2025-01-01 12:22:39,normal
2025-01-01 12:22:40,normal
2025-01-01 12:22:41,gps_spoofing
2025-01-01 12:22:42,normal
2025-01-01 12:22:43,gps_spoofing
2025-01-01 12:22:44,normal
2025-01-01 12:22:45,normal
2025-01-01 12:22:46,normal
2025-01-01 12:22:47,gps_spoofing
2025-01-01 12:22:48,rf_jamming
2025-01-01 12:22:49,normal
2025-01-01 12:22:50,normal
2025-01-01 12:22:51,gps_spoofing
2025-01-01 12:22:52,normal
2025-01-01 12:22:53,normal
2025-01-01 12:22:54,normal
2025-01-01 12:22:55,normal
2025-01-01 12:22:56,normal
2025-01-01 12:22:57,gps_spoofing
2025-01-01 12:22:58,normal
2025-01-01 12:22:59,normal
2025-01-01 12:23:00,gps_spoofing
2025-01-01 12:23:01,normal
2025-01-01 12:23:02,normal
2025-01-01 12:23:03,normal
2025-01-01 12:23:04,normal
2025-01-01 12:23:05,normal
2025-01-01 12:23:06,normal
2025-01-01 12:23:07,rf_jamming
2025-01-01 12:23:08,normal
2025-01-01 12:23:09,normal
2025-01-01 12:23:10,rf_jamming
2025-01-01 12:23:11,rf_jamming
2025-01-01 12:23:12,normal
2025-01-01 12:23:13,gps_spoofing
2025-01-01 12:23:14,gps_spoofing
2025-01-01 12:23:15,gps_spoofing
2025-01-01 12:23:16,normal
2025-01-01 12:23:17,gps_spoofing
2025-01-01 12:23:18,gps_spoofing
2025-01-01 12:23:19,rf_jamming
2025-01-01 12:23:20,gps_spoofing
2025-01-01 12:23:21,rf_jamming
2025-01-01 12:23:22,normal
2025-01-01 12:23:23,normal
2025-01-01 12:23:24,gps_spoofing
2025-01-01 12:23:25,normal
2025-01-01 12:23:26,normal
2025-01-01 12:23:27,normal
2025-01-01 12:23:28,normal
2025-01-01 12:23:29,rf_jamming
2025-01-01 12:23:30,normal
2025-01-01 12:23:31,normal
2025-01-01 12:23:32,normal
2025-01-01 12:23:33,normal
2025-01-01 12:23:34,gps_spoofing
2025-01-01 12:23:35,gps_spoofing
2025-01-01 12:23:36,normal
2025-01-01 12:23:37,normal
2025-01-01 12:23:38,normal
2025-01-01 12:23:39,gps_spoofing
2025-01-01 12:23:40,normal
2025-01-01 12:23:41,gps_spoofing
2025-01-01 12:23:42,gps_spoofing
2025-01-01 12:23:43,normal
2025-01-01 12:23:44,normal
2025-01-01 12:23:45,normal
2025-01-01 12:23:46,normal
2025-01-01 12:23:47,normal
2025-01-01 12:23:48,gps_spoofing
2025-01-01 12:23:49,gps_spoofing
2025-01-01 12:23:50,normal
2025-01-01 12:23:51,gps_spoofing
2025-01-01 12:23:52,gps_spoofing
2025-01-01 12:23:53,normal
2025-01-01 12:23:54,normal
2025-01-01 12:23:55,normal
2025-01-01 12:23:56,rf_jamming
2025-01-01 12:23:57,rf_jamming
2025-01-01 12:23:58,normal
2025-01-01 12:23:59,normal
2025-01-01 12:24:00,rf_jamming
2025-01-01 12:24:01,normal
2025-01-01 12:24:02,normal
2025-01-01 12:24:03,normal
2025-01-01 12:24:04,gps_spoofing
2025-01-01 12:24:05,normal
2025-01-01 12:24:06,rf_jamming
2025-01-01 12:24:07,normal
2025-01-01 12:24:08,gps_spoofing
2025-01-01 12:24:09,normal
2025-01-01 12:24:10,normal
2025-01-01 12:24:11,normal
2025-01-01 12:24:12,gps_spoofing
2025-01-01 12:24:13,normal
2025-01-01 12:24:14,normal
2025-01-01 12:24:15,normal
2025-01-01 12:24:16,rf_jamming
2025-01-01 12:24:17,normal
2025-01-01 12:24:18,gps_spoofing
2025-01-01 12:24:19,normal
2025-01-01 12:24:20,rf_jamming
2025-01-01 12:24:21,normal
2025-01-01 12:24:22,rf_jamming
2025-01-01 12:24:23,gps_spoofing
2025-01-01 12:24:24,normal
2025-01-01 12:24:25,normal
2025-01-01 12:24:26,normal
2025-01-01 12:24:27,normal
2025-01-01 12:24:28,normal
2025-01-01 12:24:29,gps_spoofing
2025-01-01 12:24:30,normal
2025-01-01 12:24:31,normal
2025-01-01 12:24:32,normal
2025-01-01 12:24:33,normal
2025-01-01 12:24:34,normal
2025-01-01 12:24:35,normal
2025-01-01 12:24:36,gps_spoofing
2025-01-01 12:24:37,rf_jamming
2025-01-01 12:24:38,normal
2025-01-01 12:24:39,normal
2025-01-01 12:24:40,normal
2025-01-01 12:24:41,normal
2025-01-01 12:24:42,rf_jamming
2025-01-01 12:24:43,rf_jamming
2025-01-01 12:24:44,normal
2025-01-01 12:24:45,normal
2025-01-01 12:24:46,normal
2025-01-01 12:24:47,normal
2025-01-01 12:24:48,normal
2025-01-01 12:24:49,normal
2025-01-01 12:24:50,normal
2025-01-01 12:24:51,gps_spoofing
2025-01-01 12:24:52,normal
2025-01-01 12:24:53,normal
2025-01-01 12:24:54,normal
2025-01-01 12:24:55,normal
2025-01-01 12:24:56,rf_jamming
2025-01-01 12:24:57,gps_spoofing
2025-01-01 12:24:58,normal
2025-01-01 12:24:59,normal
